iteration	timestamp	score	completeness	depth	novelty	sources	gaps	action
1	2026-04-04T21:02:47	35	14	8	10	3	Key players section (TeamOut, BoomPop, Offsite.com, Surf Office) contains no actual data - explicitly marked as placeholder; Pricing models lack any specific data points, actual pricing tiers, or verified figures for named platforms; HR tech integrations section describes potential integrations only, with no confirmed partnerships or API details; No competitive differentiation analysis between the named platforms; No customer acquisition cost or unit economics data for any business model; No primary research or interviews with market participants; Missing funding/investment data for key players; No actual case studies or retreat ROI data; Geographic market size breakdown absent; No analysis of adjacent competitors (Cvent, Eventbrite, TripActions) that may compete in this space; Solo operator revenue benchmarks or income potential not quantified; AI tools currently in market not named or evaluated	commit
1	2026-04-04T21:02:58	53	18	15	12	8	Document appears truncated - 'Key Industry Appli' section is incomplete; No specific pricing data points for named competitors (Lindy.ai, CrewAI, AgentOps actual price tiers); No concrete examples of one-person SaaS companies actually reaching $10M ARR with AI agents; Y Combinator section lacks specific company names, batch numbers, or funding amounts; No competitive differentiation analysis or market share data between named platforms; Missing actual product features, API capabilities, or technical benchmarks for competitors; No customer case studies or real-world deployment examples; AgentOps description lacks specifics on pricing, integrations, or market traction; No discussion of regulatory or compliance challenges for autonomous AI agents in executive roles; Missing data on solopreneur market size or TAM for that segment specifically; No mention of key players like LangChain, Zapier AI, or OpenAI Assistants API as competitors; Outcome-based pricing section lacks real examples of companies successfully implementing this model	commit
1	2026-04-04T21:03:04	0	0	0	0	0		skip:no_results
1	2026-04-04T21:03:06	0	0	0	0	0		skip:no_results
2	2026-04-04T21:03:14	53	0	0	0	0		skip:no_results
2	2026-04-04T21:03:20	0	0	0	0	0		skip:no_results
2	2026-04-04T21:03:22	0	0	0	0	0		skip:no_results
3	2026-04-04T21:03:29	53	0	0	0	0		skip:no_results
3	2026-04-04T21:03:35	0	0	0	0	0		skip:no_results
3	2026-04-04T21:03:39	0	0	0	0	0		skip:no_results
4	2026-04-04T21:03:44	53	0	0	0	0		skip:no_results
4	2026-04-04T21:03:50	0	0	0	0	0		skip:no_results
4	2026-04-04T21:03:55	0	0	0	0	0		skip:no_results
5	2026-04-04T21:04:03	53	0	0	0	0		skip:no_results
5	2026-04-04T21:04:05	0	0	0	0	0		skip:no_results
5	2026-04-04T21:04:12	0	0	0	0	0		skip:no_results
6	2026-04-04T21:04:16	53	0	0	0	0		skip:no_results
1	2026-04-04T21:04:18	0	0	0	0	0		skip:no_results
6	2026-04-04T21:04:19	0	0	0	0	0		skip:no_results
6	2026-04-04T21:04:27	0	0	0	0	0		skip:no_results
7	2026-04-04T21:04:31	53	0	0	0	0		skip:no_results
7	2026-04-04T21:04:33	0	0	0	0	0		skip:no_results
2	2026-04-04T21:04:34	0	0	0	0	0		skip:no_results
7	2026-04-04T21:04:42	0	0	0	0	0		skip:no_results
8	2026-04-04T21:04:46	53	0	0	0	0		skip:no_results
8	2026-04-04T21:04:47	0	0	0	0	0		skip:no_results
1	2026-04-04T21:04:49	60	19	18	15	8	Document is truncated mid-sentence in Section 5.5, leaving a key niche incomplete; No verified real-world examples beyond the single 'DataPulse' case study, which itself lacks independent verification; Missing concrete examples of actual solo founders who reached 10M+ EUR (not USD) revenue with named individuals and verifiable companies; No discussion of regulatory, legal, or compliance challenges specific to solo operators in insurance, real estate, or financial services; Lacks analysis of failure modes and risks specific to solo founder scaling attempts; No coverage of tax, entity structure, or jurisdiction considerations relevant to EUR-denominated businesses; Missing discussion of AI tool stack specifics (which tools, costs, integration complexity) for 2026; No competitive landscape analysis showing how incumbents are responding to AI-enabled solo operators; Pew Research citation for bootstrapped startup survival rates is unverified and lacks a direct URL or study title; UHNW population growth statistic (7.8% in 2024) is uncited	commit
3	2026-04-04T21:04:50	0	0	0	0	0		skip:no_results
8	2026-04-04T21:05:01	0	0	0	0	0		skip:no_results
9	2026-04-04T21:05:02	53	0	0	0	0		skip:no_results
9	2026-04-04T21:05:02	0	0	0	0	0		skip:no_results
4	2026-04-04T21:05:04	0	0	0	0	0		skip:no_results
2	2026-04-04T21:05:05	55	18	16	13	8	TeamOut and Surf Office sections are explicitly incomplete placeholders with no substantive data; HR tech integrations section lacks specific API details, actual partnership announcements, or confirmed integration capabilities; No concrete data on one-person scalable business models despite being a stated topic; Marketplace cold-start strategies section is cut off mid-sentence; No competitive analysis with financial data (revenue, funding, valuation) for key players; Missing actual pricing data for TeamOut, Surf Office, and other competitors; No primary research or interview data from industry practitioners; AI disruption section is speculative without citing specific AI tools, startups, or case studies already operating in this space; No discussion of regulatory or legal considerations for international retreats; Missing data on customer acquisition costs, conversion rates, or unit economics for platforms; No analysis of post-COVID recovery trajectory or pre-pandemic baseline comparisons; ESG section lacks specific examples or metrics from actual corporate retreat programs	commit
2	2026-04-04T21:05:07	60	0	0	0	0		skip:no_results
1	2026-04-04T21:05:08	0	0	0	0	0		skip:no_results
10	2026-04-04T21:05:16	0	0	0	0	0		skip:no_results
10	2026-04-04T21:05:17	53	0	0	0	0		skip:no_results
9	2026-04-04T21:05:18	0	0	0	0	0		skip:no_results
2	2026-04-04T21:05:20	0	0	0	0	0		skip:no_results
5	2026-04-04T21:05:20	0	0	0	0	0		skip:no_results
3	2026-04-04T21:05:22	55	0	0	0	0		skip:no_results
3	2026-04-04T21:05:27	60	0	0	0	0		skip:no_results
3	2026-04-04T21:05:32	0	0	0	0	0		skip:no_results
4	2026-04-04T21:05:36	55	0	0	0	0		skip:no_results
6	2026-04-04T21:05:37	0	0	0	0	0		skip:no_results
10	2026-04-04T21:05:40	0	0	0	0	0		skip:no_results
4	2026-04-04T21:05:46	60	0	0	0	0		skip:no_results
4	2026-04-04T21:05:46	0	0	0	0	0		skip:no_results
5	2026-04-04T21:05:52	55	0	0	0	0		skip:no_results
7	2026-04-04T21:05:56	0	0	0	0	0		skip:no_results
5	2026-04-04T21:05:58	0	0	0	0	0		skip:no_results
5	2026-04-04T21:06:07	60	0	0	0	0		skip:no_results
6	2026-04-04T21:06:09	55	0	0	0	0		skip:no_results
8	2026-04-04T21:06:10	0	0	0	0	0		skip:no_results
6	2026-04-04T21:06:14	0	0	0	0	0		skip:no_results
7	2026-04-04T21:06:25	55	0	0	0	0		skip:no_results
6	2026-04-04T21:06:26	60	0	0	0	0		skip:no_results
7	2026-04-04T21:06:26	0	0	0	0	0		skip:no_results
9	2026-04-04T21:06:27	0	0	0	0	0		skip:no_results
8	2026-04-04T21:06:37	0	0	0	0	0		skip:no_results
8	2026-04-04T21:06:41	55	0	0	0	0		skip:no_results
10	2026-04-04T21:06:42	0	0	0	0	0		skip:no_results
7	2026-04-04T21:06:44	60	0	0	0	0		skip:no_results
9	2026-04-04T21:06:52	0	0	0	0	0		skip:no_results
9	2026-04-04T21:07:00	55	0	0	0	0		skip:no_results
11	2026-04-04T21:07:01	0	0	0	0	0		skip:no_results
8	2026-04-04T21:07:02	60	0	0	0	0		skip:no_results
10	2026-04-04T21:07:08	0	0	0	0	0		skip:no_results
10	2026-04-04T21:07:16	55	0	0	0	0		skip:no_results
12	2026-04-04T21:07:17	0	0	0	0	0		skip:no_results
9	2026-04-04T21:07:20	60	0	0	0	0		skip:no_results
11	2026-04-04T21:07:22	0	0	0	0	0		skip:no_results
10	2026-04-04T21:07:38	60	0	0	0	0		skip:no_results
12	2026-04-04T21:07:39	0	0	0	0	0		skip:no_results
1	2026-04-04T21:07:46	0	0	0	0	0		skip:no_results
2	2026-04-04T21:08:00	0	0	0	0	0		skip:no_results
